<?xml version="1.0" encoding="UTF-8"?>
<project-private xmlns="http://www.netbeans.org/ns/project-private/1">
    <editor-bookmarks xmlns="http://www.netbeans.org/ns/editor-bookmarks/2" lastBookmarkId="0"/>
    <open-files xmlns="http://www.netbeans.org/ns/projectui-open-files/2">
        <group>
            <file>file:/home/mash/NetBeansProjects/NetworkThread/src/networkthread/NetworkThread.java</file>
            <file>file:/home/mash/NetBeansProjects/NetworkThread/src/networkthread/Constants.java</file>
            <file>file:/home/mash/NetBeansProjects/NetworkThread/src/networkthread/Client.java</file>
            <file>file:/home/mash/NetBeansProjects/NetworkThread/src/networkthread/Server.java</file>
        </group>
    </open-files>
</project-private>
